{
  "rescode": 0,
  "resmsg": "请求成功",
  "data": {
    "name": "form01",
    "url": "",
    "back": "false",
    "fields": [
      {
        "inputType": "text",
        "required": "true",
        "validation": "/^[a-z]+$/",
        "maxLength": 20,
        "minLength": 2,
        "label": "Text类型",
        "fieldName": "textName1",
        "defaultValue": "aaaaa",
        "tip": "输入标题",
        "errorTip": "只能输入字母",
        "options": []
      },
      {
        "inputType": "text",
        "required": "true",
        "validation": "",
        "maxLength": 20,
        "minLength": 2,
        "label": "Text类型",
        "fieldName": "textName1",
        "defaultValue": "1",
        "tip": "输入标题",
        "errorTip": "只能输入字母",
        "options": []
      },
      {
        "inputType": "longText",
        "required": "",
        "validation": "",
        "maxLength": 30,
        "minLength": 0,
        "label": "longText类型",
        "fieldName": "longTextName1",
        "defaultValue": "默认值",
        "tip": "提示语",
        "errorTip": "错误提示",
        "options": []
      },
      {
        "inputType": "tel",
        "required": "true",
        "validation": "/^[0-9]+$/",
        "maxLength": 30,
        "minLength": 0,
        "label": "tel类型",
        "fieldName": "telName1",
        "defaultValue": "18598924520",
        "tip": "提示语",
        "errorTip": "只能输入数字",
        "options": []
      },
      {
        "inputType": "number",
        "required": "false",
        "validation": "",
        "maxLength": 30,
        "minLength": 0,
        "label": "number类型",
        "fieldName": "numberName1",
        "defaultValue": "13",
        "tip": "提示语",
        "errorTip": "",
        "options": []
      },
      {
        "inputType": "textArea",
        "required": "",
        "validation": "",
        "maxLength": 30,
        "minLength": 0,
        "label": "textArea类型",
        "fieldName": "textAreaName1",
        "defaultValue": "默认值",
        "tip": "提示语",
        "errorTip": "错误提示",
        "options": []
      },
      {
        "inputType": "dropdownList",
        "ajaxUrl": "",
        "required": "",
        "validation": "",
        "maxLength": 30,
        "minLength": 0,
        "label": "dropdownList类型",
        "fieldName": "dropdownListName1",
        "defaultValue": "AZ",
        "tip": "提示语",
        "errorTip": "错误提示",
        "options": [
          {
            "name": "Alabama",
            "value": "AZ"
          },
          {
            "name": "Alaska",
            "value": "AS"
          },
          {
            "name": "Arizona",
            "value": "AQ"
          }
        ]
      },
      {
        "inputType": "onoff",
        "required": "",
        "validation": "",
        "maxLength": 30,
        "minLength": 0,
        "label": "onoff类型",
        "fieldName": "onoffName1",
        "defaultValue": "0",
        "tip": "提示语",
        "errorTip": "错误提示",
        "options": []
      },
      {
        "inputType": "colorPicker",
        "required": "",
        "validation": "",
        "maxLength": 30,
        "minLength": 0,
        "label": "color-picker类型",
        "fieldName": "color-picker1",
        "defaultValue": "rgb(189, 49, 49)",
        "tip": "",
        "errorTip": "",
        "options": []
      },
      {
        "inputType": "img",
        "required": "",
        "validation": "",
        "maxLength": 30,
        "minLength": 0,
        "label": "img类型",
        "fieldName": "imgName1",
        "defaultValue": "默认值",
        "tip": "提示语",
        "errorTip": "错误提示",
        "options": []
      },
      {
        "inputType": "dateTime",
        "required": "",
        "validation": "",
        "maxLength": 30,
        "minLength": 0,
        "label": "date-time类型",
        "fieldName": "datetime1",
        "defaultValue": "2016-04-27 14:59",
        "tip": "",
        "errorTip": "",
        "options": []
      },
      {
        "inputType": "date",
        "required": "",
        "validation": "",
        "maxLength": 30,
        "minLength": 0,
        "label": "date类型",
        "fieldName": "date1",
        "defaultValue": "2016-04-27",
        "tip": "",
        "errorTip": "",
        "options": []
      },
      {
        "inputType": "checkbox",
        "required": "",
        "validation": "",
        "maxLength": 30,
        "minLength": 0,
        "label": "checkbox类型",
        "fieldName": "checkbox1",
        "defaultValue": "AZ,AS",
        "tip": "提示语",
        "errorTip": "错误提示",
        "options": [
          {
            "name": "Alabama",
            "value": "AZ"
          },
          {
            "name": "Alaska",
            "value": "AS"
          },
          {
            "name": "Arizona",
            "value": "AQ"
          }
        ]
      },
      {
        "inputType": "dateRange",
        "required": "",
        "validation": "",
        "maxLength": 30,
        "minLength": 0,
        "label": "dateRange类型",
        "fieldName": "dateRange1",
        "defaultValue": "2016-04-21 - 2016-04-27",
        "tip": "提示语",
        "errorTip": "错误提示",
        "options": []
      }
    ],
    "header": {
      "pagelink": [
        {
          "type": "getTable",
          "text": "页面设置",
          "url": ""
        }
      ],
      "operation": [
        {
          "type": "upTable",
          "text": "买车注册字段",
          "url": "./data/6.json"
        }
      ],
      "pageExplain": {
        "text": "",
        "color": ""
      }
    }
  }
}
