{
  "code": 0,
  "message": "请求成功",
  "data": [
    {
      "title": "门户设置",
      "icon": "fa-caret-right",
      "isClass": "active open",
      "nav": [
        {
          "title": "页面设置",
          "className": "active",
          "href": "/mh/ymsz",
          "icon": "fa-caret-right",
          "type": "form",
          "dataUrl": "http://qiche.playwx.com/set/page-site/update-input"
        },
        {
          "title": "菜单设置",
          "className": "",
          "href": "/mh/cdsz",
          "icon": "fa-caret-right",
          "type": "table",
          "dataUrl": "http://qiche.playwx.com/set/page-menu/show"
        }
      ]
    },
    {
      "title": "门户管理",
      "icon": "fa-caret-right",
      "isClass": "",
      "nav": [
        {
          "title": "服务人员管理",
          "className": "",
          "href": "/mh/fwgl",
          "icon": "fa-caret-right",
          "type": "table",
          "dataUrl": "http://qiche.playwx.com/supervise/page-service/show"
        },
        {
          "title": "分店管理",
          "className": "",
          "href": "/mh/fdgl",
          "icon": "fa-caret-right",
          "type": "table",
          "dataUrl": "http://qiche.playwx.com/supervise/page-annex/show"
        },
        {
          "title": "车型管理",
          "className": "",
          "href": "/mh/cxgl",
          "icon": "fa-caret-right",
          "type": "table",
          "dataUrl": "http://qiche.playwx.com/supervise/page-cartype/show-brand"
        },
        {
          "title": "道路救援",
          "className": "",
          "href": "/mh/dljy",
          "icon": "fa-caret-right",
          "type": "form",
          "dataUrl": "http://qiche.playwx.com/supervise/page-help/show"
        },
        {
          "title": "违章查询",
          "className": "",
          "href": "/mh/wzcx",
          "icon": "fa-caret-right",
          "type": "table",
          "dataUrl": "http://qiche.playwx.com/supervise/page-violate/show"
        }
      ]
    },
    {
      "title": "我的门户",
      "icon": "fa-caret-right",
      "isClass": "",
      "nav": [
        {
          "title": "企业介绍",
          "className": "",
          "href": "/wd/qyjs",
          "icon": "fa-caret-right",
          "type": "table",
          "dataUrl": "http://qiche.playwx.com/myportal/page-about/show"
        },
        {
          "title": "促销活动",
          "className": "",
          "href": "javascript:void(0);",
          "icon": "fa-caret-right",
          "nav": [
            {
              "title": "分类管理",
              "className": "",
              "href": "/wd/flgl",
              "icon": "fa-caret-right",
              "type": "table",
              "dataUrl": "http://qiche.playwx.com/myportal/page-actclass/show"
            },
            {
              "title": "内容管理",
              "className": "",
              "href": "/wd/lrgl",
              "icon": "fa-caret-right",
              "type": "table",
              "dataUrl": "http://qiche.playwx.com/myportal/page-activity/show"
            }
          ]
        }
      ]
    },
    {
      "title": "服务管理",
      "icon": "fa-caret-right",
      "isClass": "",
      "nav": [
        {
          "title": "预约保养",
          "className": "",
          "href": "/fw/yyby",
          "icon": "fa-caret-right",
          "type": "table",
          "dataUrl": "http://qiche.playwx.com/service/page-upkeep/show"
        },
        {
          "title": "预约维修",
          "className": "",
          "href": "/fw/yywh",
          "icon": "fa-caret-right",
          "type": "table",
          "dataUrl": "http://qiche.playwx.com/service/page-maintain/show"
        },
        {
          "title": "预约续保",
          "className": "",
          "href": "/fw/yyxb",
          "icon": "fa-caret-right",
          "type": "table",
          "dataUrl": "http://qiche.playwx.com/service/page-ren/show"
        },
        {
          "title": "预约试车",
          "class": "",
          "href": "/fw/yysc",
          "icon": "fa-caret-right",
          "type": "table",
          "dataUrl": "http://qiche.playwx.com/service/page-try/show"
        },
        {
          "title": "二手车转换",
          "className": "",
          "href": "/fw/eszh",
          "icon": "fa-caret-right",
          "type": "table",
          "dataUrl": "http://qiche.playwx.com/service/page-second/show"
        },
        {
          "title": "投诉留言",
          "className": "",
          "href": "/fw/txly",
          "icon": "fa-caret-right",
          "type": "table",
          "dataUrl": "http://qiche.playwx.com/service/page-message/show"
        }
      ]
    },
    {
      "title": "用户管理",
      "icon": "fa-caret-right",
      "isClass": "",
      "nav": [
        {
          "title": "用户列表(买车)",
          "className": "",
          "href": "/yh/yhlbm",
          "icon": "fa-caret-right",
          "type": "table",
          "dataUrl": "http://qiche.playwx.com/user/page-buyer/show"
        },
        {
          "title": "用户列表(车主)",
          "className": "",
          "href": "/yh/yhlbc",
          "icon": "fa-caret-right",
          "type": "table",
          "dataUrl": "http://qiche.playwx.com/user/page-owner/show"
        }
      ]
    }
  ]
}


