{
  "rescode": 0,
  "resmsg": "请求成功",
  "data": {
    //表头
    "thead": [
      {
        "fieldCn": "用户名",
        "fieldEn": "username",
        "type": "text",
        "isSort": "true"   //asc 升序 desc降序 true开启排序无默认
      },
      {
        "fieldCn": "头像",
        "fieldEn": "img",
        "type": "img"
      },
      {
        "fieldCn": "所属部门",
        "fieldEn": "department",
        "type": "text"
      },
      {
        "fieldCn": "是否必填",
        "fieldEn": "isMust",
        "type": "filter",
        "filter": "filterText01"
      },
      {
        "fieldCn": "注册时间",
        "fieldEn": "regTime",
        "type": "text"
      },
      {
        "fieldCn": "操作",
        "fieldEn": "operates",
        "type": "operate"
      }
    ],
    //数据
    "tbody": [
      {
        "id": "1",
        "username": "意向车型",
        "img": "public/images/img1.jpg",
        "department": "车型选择",
        "isMust": "1",
        "regTime": "99",
        "operates": [
          {
            "type": "state",
            "name": "删除",
            "title": "标题",
            "value": "确认删除吗？",
            "ajaxurl": "./data/tabledata.json",
            "stylecss": "btn-danger fa-trash-o"
          },
          {
            "type": "url",
            "name": "编辑",
            "title": "",
            "value": "",
            "ajaxurl": "http://www.aduu.cn",
            "stylecss": " btn-primary fa-pencil-square-o"
          },
          {
            "type": "iframe",
            "name": "Iframe页面",
            "title": "标题",
            "value": "http://www.baidu.com",
            "ajaxurl": "",
            "stylecss": "btn-success fa-pencil-square-o"
          },
          {
            "type": "iframe",
            "name": "Iframe表格",
            "title": "标题",
            "value": "demo.html",
            "ajaxurl": "./data/tabledata.json",
            "stylecss": "btn-success fa-pencil-square-o"
          }
        ]
      },
      {
        "id": "2",
        "username": "意向车型",
        "img": "public/images/img1.jpg",
        "department": "车型选择",
        "isMust": "1",
        "regTime": "99",
        "operates": [
          {
            "type": "state",
            "name": "删除",
            "title": "标题",
            "value": "确认删除吗？",
            "ajaxurl": "./data/tabledata.json",
            "stylecss": "btn-danger fa-trash-o"
          },
          {
            "type": "url",
            "name": "编辑",
            "title": "",
            "value": "http://www.aduu.cn",
            "ajaxurl": "",
            "stylecss": " btn-primary fa-pencil-square-o"
          },
          {
            "type": "iframe",
            "name": "Iframe页面",
            "title": "标题",
            "value": "http://www.baidu.com",
            "ajaxurl": "",
            "stylecss": "btn-success fa-pencil-square-o"
          },
          {
            "type": "iframe",
            "name": "Iframe表格",
            "title": "标题",
            "value": "http://www.baidu.com",
            "ajaxurl": "",
            "stylecss": "btn-success fa-pencil-square-o"
          }
        ]
      },
      {
        "id": "3",
        "username": "意向车型",
        "img": "public/images/img1.jpg",
        "department": "车型选择",
        "isMust": "0",
        "regTime": "99",
        "operates": [
          {
            "type": "state",
            "name": "删除",
            "title": "标题",
            "value": "确认删除吗？",
            "ajaxurl": "./data/tabledata.json",
            "stylecss": "btn-danger fa-trash-o"
          },
          {
            "type": "url",
            "name": "编辑",
            "title": "",
            "value": "http://www.aduu.cn",
            "ajaxurl": "",
            "stylecss": " btn-primary fa-pencil-square-o"
          },
          {
            "type": "iframe",
            "name": "Iframe页面",
            "title": "标题",
            "value": "http://www.baidu.com",
            "ajaxurl": "",
            "stylecss": "btn-success fa-pencil-square-o"
          },
          {
            "type": "iframe",
            "name": "Iframe表格",
            "title": "标题",
            "value": "http://www.baidu.com",
            "ajaxurl": "",
            "stylecss": "btn-success fa-pencil-square-o"
          }
        ]
      },
      {
        "id": "4",
        "username": "意向车型",
        "img": "public/images/img1.jpg",
        "department": "车型选择",
        "isMust": "0",
        "regTime": "99",
        "operates": [
          {
            "type": "state",
            "name": "删除",
            "title": "弹窗标题",
            "value": "确认删除吗？",
            "ajaxurl": "./data/tabledata.json",
            "stylecss": "btn-danger fa-trash-o"
          },
          {
            "type": "url",
            "name": "编辑",
            "title": "",
            "value": "http://www.aduu.cn",
            "ajaxurl": "",
            "stylecss": " btn-primary fa-pencil-square-o"
          },
          {
            "type": "iframe",
            "name": "Iframe页面",
            "title": "弹窗标题",
            "value": "http://www.baidu.com",
            "ajaxurl": "",
            "stylecss": "btn-success fa-pencil-square-o"
          },
          {
            "type": "iframe",
            "name": "Iframe表格",
            "title": "弹窗标题",
            "value": "http://www.baidu.com",
            "ajaxurl": "",
            "stylecss": "btn-success fa-pencil-square-o"
          }
        ]
      }
    ],
    //搜索
    "tsearch": {
      "formName": "formName",
      "method": "get",
      "ajaxUrl": "./data/tabledata3.json",
      "searchPro": [
        {
          "type": "input",
          "label": "Input搜索",
          "name": "keyInp",
          "options": [
            {
              "value": "",
              "text": "请输入关键字"
            }
          ]
        },
        {
          "type": "select",
          "label": "",
          "name": "keySel",
          "options": [
            {
              "value": "",
              "text": "请选择"
            },
            {
              "value": "1",
              "text": "选择1"
            },
            {
              "value": "2",
              "text": "选择2"
            },
            {
              "value": "3",
              "text": "选择3"
            }
          ]
        }
      ]
    },
    //分页
    "tpage": {
      "mpage": "10",
      "count": "665"
    }
  }
}


